<?xml version="1.0" encoding="UTF-8"?>
<!DOCTYPE suite SYSTEM "https://testng.org/testng-1.0.dtd">
<suite name="Suite">

  <test thread-count="5" name="ChromeTest">
  <parameter name="browser" value="Chrome"></parameter>
  <classes>
  <class name="org.testng.TestNg_Task6"></class>
  </classes>
  </test> 
  
  <test thread-count="5" name="FireFoxTest">
  <parameter name="browser" value="FireFox"></parameter>
  <classes>
  <class name="org.testng.TestNg_Task6"></class>
  </classes>
  </test> 
  
  <test thread-count="5" name="EdgeTest">
  <parameter name="browser" value="Edge"></parameter>
  <classes>
  <class name="org.testng.TestNg_Task6"></class>
  </classes>
  </test> 
 
  
  
  <!-- Test -->
  
  
</suite> <!-- Suite -->
