[
  {
    "line": 2,
    "elements": [
      {
        "start_timestamp": "2024-11-03T11:11:33.620Z",
        "line": 4,
        "name": "check the course title",
        "description": "",
        "id": "check-the-university-pages;check-the-course-title",
        "type": "scenario",
        "keyword": "Scenario",
        "steps": [
          {
            "result": {
              "duration": 6418502400,
              "status": "passed"
            },
            "line": 6,
            "name": "To launch the chrome browser and hit the url",
            "match": {
              "location": "StepDefinition_University.to_launch_the_chrome_browser_and_hit_the_url()"
            },
            "keyword": "Given "
          },
          {
            "result": {
              "duration": 46307222500,
              "status": "passed"
            },
            "line": 8,
            "name": "Move to undergraduate courses",
            "match": {
              "location": "StepDefinition_University.move_to_undergraduate_courses()"
            },
            "keyword": "When "
          },
          {
            "result": {
              "duration": 25760850300,
              "status": "passed"
            },
            "line": 10,
            "name": "Search courses",
            "match": {
              "location": "StepDefinition_University.search_courses()"
            },
            "keyword": "And "
          },
          {
            "result": {
              "duration": 2809674600,
              "status": "passed"
            },
            "line": 12,
            "name": "Check the text in the page",
            "match": {
              "location": "StepDefinition_University.check_the_text_in_the_page()"
            },
            "keyword": "Then "
          }
        ]
      },
      {
        "start_timestamp": "2024-11-03T11:12:54.948Z",
        "line": 14,
        "name": "check wheather second page reached or not",
        "description": "",
        "id": "check-the-university-pages;check-wheather-second-page-reached-or-not",
        "type": "scenario",
        "keyword": "Scenario",
        "steps": [
          {
            "result": {
              "duration": 5400801000,
              "status": "passed"
            },
            "line": 16,
            "name": "To launch the chrome browser and hit the url",
            "match": {
              "location": "StepDefinition_University.to_launch_the_chrome_browser_and_hit_the_url()"
            },
            "keyword": "Given "
          },
          {
            "result": {
              "duration": 45856034200,
              "status": "passed"
            },
            "line": 18,
            "name": "Move to undergraduate courses",
            "match": {
              "location": "StepDefinition_University.move_to_undergraduate_courses()"
            },
            "keyword": "When "
          },
          {
            "result": {
              "duration": 25834192400,
              "status": "passed"
            },
            "line": 20,
            "name": "Search courses",
            "match": {
              "location": "StepDefinition_University.search_courses()"
            },
            "keyword": "And "
          },
          {
            "result": {
              "duration": 3428493700,
              "status": "passed"
            },
            "line": 22,
            "name": "click the page number two",
            "match": {
              "location": "StepDefinition_University.click_the_page_number_two()"
            },
            "keyword": "And "
          },
          {
            "result": {
              "duration": 19359411400,
              "status": "passed"
            },
            "line": 24,
            "name": "check wheather it reached the page number two",
            "match": {
              "location": "StepDefinition_University.check_wheather_it_reached_the_page_number_two()"
            },
            "keyword": "Then "
          }
        ]
      }
    ],
    "name": "check the university pages",
    "description": "",
    "id": "check-the-university-pages",
    "keyword": "Feature",
    "uri": "file:/C:/Users/elank/University/src/test/resources/FeaturesFile/University.feature",
    "tags": []
  }
]